{
  "IcoMoonType": "selection",
  "icons": [
    {
      "icon": {
        "paths": [
          "M842 536q28-28 0-48l-306-308q-26-20-50 0l-306 308q-10 16-10 24t10 24l306 308q26 20 50 0zM512 42q196 0 333 137t137 333-137 333-333 137-333-137-137-333 137-333 333-137zM598 426v-106l148 150-148 148v-106h-172v128h-84v-170q0-44 42-44h214z"
        ],
        "attrs": [
          {}
        ],
        "isMulticolor": false,
        "isMulticolor2": false,
        "tags": [
          "assistant_direction"
        ],
        "grid": 24
      },
      "attrs": [
        {}
      ],
      "properties": {
        "order": 1,
        "id": 0,
        "name": "assistant_direction",
        "prevSize": 24
      },
      "setIdx": 0,
      "setId": 4,
      "iconIdx": 0
    },
    {
      "icon": {
        "paths": [
          "M195.994 460.8l310.835-310.835-72.397-72.397-434.432 434.432 434.432 434.432 72.397-72.397-310.835-310.835h828.006v-102.4h-828.006z"
        ],
        "attrs": [
          {}
        ],
        "isMulticolor": false,
        "isMulticolor2": false,
        "tags": [
          "arrow-thin-left"
        ],
        "grid": 20
      },
      "attrs": [
        {}
      ],
      "properties": {
        "order": 1,
        "id": 0,
        "name": "arrow-thin-left",
        "prevSize": 20
      },
      "setIdx": 1,
      "setId": 3,
      "iconIdx": 0
    },
    {
      "icon": {
        "paths": [
          "M839.68 460.8h-655.36c-28.262 0-30.72 22.886-30.72 51.2s2.458 51.2 30.72 51.2h655.36c28.262 0 30.72-22.886 30.72-51.2s-2.458-51.2-30.72-51.2zM839.68 665.6h-655.36c-28.262 0-30.72 22.886-30.72 51.2s2.458 51.2 30.72 51.2h655.36c28.262 0 30.72-22.886 30.72-51.2s-2.458-51.2-30.72-51.2zM184.32 358.4h655.36c28.262 0 30.72-22.886 30.72-51.2s-2.458-51.2-30.72-51.2h-655.36c-28.262 0-30.72 22.886-30.72 51.2s2.458 51.2 30.72 51.2z"
        ],
        "attrs": [],
        "isMulticolor": false,
        "isMulticolor2": false,
        "tags": [
          "menu"
        ],
        "grid": 20
      },
      "attrs": [],
      "properties": {
        "id": 225,
        "order": 8,
        "prevSize": 20,
        "name": "menu"
      },
      "setIdx": 2,
      "setId": 2,
      "iconIdx": 224
    },
    {
      "icon": {
        "paths": [
          "M864 0h-768c-52.8 0-96 43.2-96 96v832c0 52.8 43.2 96 96 96h768c52.8 0 96-43.2 96-96v-832c0-52.8-43.2-96-96-96zM832 896h-704v-768h704v768zM256 448h448v64h-448zM256 576h448v64h-448zM256 704h448v64h-448zM256 320h448v64h-448z"
        ],
        "tags": [
          "file-text",
          "file",
          "document",
          "list",
          "paper"
        ],
        "defaultCode": 59682,
        "grid": 16,
        "attrs": []
      },
      "attrs": [],
      "properties": {
        "ligatures": "file-text, file",
        "name": "file-text",
        "order": 7,
        "id": 35,
        "prevSize": 32
      },
      "setIdx": 3,
      "setId": 1,
      "iconIdx": 34
    },
    {
      "icon": {
        "paths": [
          "M917.806 357.076c-22.21-30.292-53.174-65.7-87.178-99.704s-69.412-64.964-99.704-87.178c-51.574-37.82-76.592-42.194-90.924-42.194h-368c-44.114 0-80 35.888-80 80v736c0 44.112 35.886 80 80 80h608c44.112 0 80-35.888 80-80v-496c0-14.332-4.372-39.35-42.194-90.924zM785.374 302.626c30.7 30.7 54.8 58.398 72.58 81.374h-153.954v-153.946c22.982 17.78 50.678 41.878 81.374 72.572v0zM896 944c0 8.672-7.328 16-16 16h-608c-8.672 0-16-7.328-16-16v-736c0-8.672 7.328-16 16-16 0 0 367.956-0.002 368 0v224c0 17.672 14.324 32 32 32h224v496z",
          "M602.924 42.196c-51.574-37.822-76.592-42.196-90.924-42.196h-368c-44.112 0-80 35.888-80 80v736c0 38.632 27.528 70.958 64 78.39v-814.39c0-8.672 7.328-16 16-16h486.876c-9.646-7.92-19.028-15.26-27.952-21.804z"
        ],
        "tags": [
          "files-empty",
          "files",
          "documents",
          "papers",
          "pages"
        ],
        "defaultCode": 59685,
        "grid": 16,
        "attrs": []
      },
      "attrs": [],
      "properties": {
        "ligatures": "files-empty, files",
        "name": "files-empty",
        "order": 4,
        "id": 38,
        "prevSize": 32
      },
      "setIdx": 3,
      "setId": 1,
      "iconIdx": 37
    },
    {
      "icon": {
        "paths": [
          "M512 0c-176.732 0-320 143.268-320 320 0 320 320 704 320 704s320-384 320-704c0-176.732-143.27-320-320-320zM512 516c-108.248 0-196-87.752-196-196s87.752-196 196-196 196 87.752 196 196-87.752 196-196 196zM388 320c0-68.483 55.517-124 124-124s124 55.517 124 124c0 68.483-55.517 124-124 124s-124-55.517-124-124z"
        ],
        "tags": [
          "location",
          "map-marker",
          "pin"
        ],
        "defaultCode": 59720,
        "grid": 16,
        "attrs": []
      },
      "attrs": [],
      "properties": {
        "ligatures": "location2, map-marker2",
        "name": "location2",
        "order": 5,
        "id": 73,
        "prevSize": 32
      },
      "setIdx": 3,
      "setId": 1,
      "iconIdx": 72
    },
    {
      "icon": {
        "paths": [
          "M544.010 1024.004c-2.296 0-4.622-0.25-6.94-0.764-14.648-3.25-25.070-16.238-25.070-31.24v-480h-480c-15.002 0-27.992-10.422-31.24-25.070-3.25-14.646 4.114-29.584 17.708-35.928l960-448c12.196-5.688 26.644-3.144 36.16 6.372 9.516 9.514 12.060 23.966 6.372 36.16l-448 960c-5.342 11.44-16.772 18.47-28.99 18.47zM176.242 448h367.758c17.674 0 32 14.328 32 32v367.758l349.79-749.546-749.548 349.788z"
        ],
        "tags": [
          "compass",
          "direction",
          "location"
        ],
        "defaultCode": 59721,
        "grid": 16,
        "attrs": []
      },
      "attrs": [],
      "properties": {
        "ligatures": "compass, direction",
        "name": "compass",
        "order": 11,
        "id": 74,
        "prevSize": 32
      },
      "setIdx": 3,
      "setId": 1,
      "iconIdx": 73
    },
    {
      "icon": {
        "paths": [
          "M1025.5 800c0-288-256-224-256-448 0-18.56-1.788-34.42-5.048-47.928-16.83-113.018-92.156-203.72-189.772-231.36 0.866-3.948 1.32-8.032 1.32-12.21 0-33.278-28.8-60.502-64-60.502s-64 27.224-64 60.5c0 4.18 0.456 8.264 1.32 12.21-109.47 30.998-190.914 141.298-193.254 273.442-0.040 1.92-0.066 3.864-0.066 5.846 0 224.002-256 160.002-256 448.002 0 76.226 170.59 139.996 398.97 156.080 21.524 40.404 64.056 67.92 113.030 67.92s91.508-27.516 113.030-67.92c228.38-16.084 398.97-79.854 398.97-156.080 0-0.228-0.026-0.456-0.028-0.682l1.528 0.682zM826.246 854.096c-54.23 14.47-118.158 24.876-186.768 30.648-5.704-65.418-60.582-116.744-127.478-116.744s-121.774 51.326-127.478 116.744c-68.608-5.772-132.538-16.178-186.768-30.648-74.63-19.914-110.31-42.19-123.368-54.096 13.058-11.906 48.738-34.182 123.368-54.096 86.772-23.152 198.372-35.904 314.246-35.904s227.474 12.752 314.246 35.904c74.63 19.914 110.31 42.19 123.368 54.096-13.058 11.906-48.738 34.182-123.368 54.096z"
        ],
        "tags": [
          "bell",
          "alarm",
          "notification"
        ],
        "defaultCode": 59729,
        "grid": 16,
        "attrs": []
      },
      "attrs": [],
      "properties": {
        "ligatures": "bell, alarm2",
        "name": "bell",
        "order": 6,
        "id": 82,
        "prevSize": 32
      },
      "setIdx": 3,
      "setId": 1,
      "iconIdx": 81
    },
    {
      "icon": {
        "paths": [
          "M992.262 871.396l-242.552-206.294c-25.074-22.566-51.89-32.926-73.552-31.926 57.256-67.068 91.842-154.078 91.842-249.176 0-212.078-171.922-384-384-384-212.076 0-384 171.922-384 384s171.922 384 384 384c95.098 0 182.108-34.586 249.176-91.844-1 21.662 9.36 48.478 31.926 73.552l206.294 242.552c35.322 39.246 93.022 42.554 128.22 7.356s31.892-92.898-7.354-128.22zM384 640c-141.384 0-256-114.616-256-256s114.616-256 256-256 256 114.616 256 256-114.614 256-256 256z"
        ],
        "tags": [
          "search",
          "magnifier",
          "magnifying-glass",
          "inspect",
          "find"
        ],
        "defaultCode": 59782,
        "grid": 16,
        "attrs": []
      },
      "attrs": [],
      "properties": {
        "ligatures": "search, magnifier",
        "name": "search",
        "order": 2,
        "id": 135,
        "prevSize": 32
      },
      "setIdx": 3,
      "setId": 1,
      "iconIdx": 134
    },
    {
      "icon": {
        "paths": [
          "M1024 576l-128-256h-192v-128c0-35.2-28.8-64-64-64h-576c-35.2 0-64 28.8-64 64v512l64 64h81.166c-10.898 18.832-17.166 40.678-17.166 64 0 70.692 57.308 128 128 128s128-57.308 128-128c0-23.322-6.268-45.168-17.166-64h354.334c-10.898 18.832-17.168 40.678-17.168 64 0 70.692 57.308 128 128 128s128-57.308 128-128c0-23.322-6.27-45.168-17.168-64h81.168v-192zM704 576v-192h132.668l96 192h-228.668z"
        ],
        "tags": [
          "truck",
          "transit",
          "transport",
          "delivery",
          "vehicle"
        ],
        "defaultCode": 59824,
        "grid": 16,
        "attrs": []
      },
      "attrs": [],
      "properties": {
        "ligatures": "truck, transit",
        "name": "truck",
        "order": 3,
        "id": 177,
        "prevSize": 32
      },
      "setIdx": 3,
      "setId": 1,
      "iconIdx": 176
    }
  ],
  "height": 1024,
  "preferences": {
    "showGlyphs": true,
    "showQuickUse": true,
    "showQuickUse2": true,
    "showSVGs": true,
    "fontPref": {
      "prefix": "icon-",
      "metadata": {
        "fontFamily": "icomoon"
      },
      "metrics": {
        "emSize": 1024,
        "baseline": 6.25,
        "whitespace": 50
      },
      "embed": false
    },
    "imagePref": {
      "prefix": "icon-",
      "png": false,
      "useClassSelector": true,
      "color": 0,
      "bgColor": 16777215,
      "classSelector": ".icon",
      "name": "icomoon",
      "height": 32,
      "columns": 16,
      "margin": 16
    },
    "historySize": 50,
    "showCodes": true,
    "gridSize": 16
  }
}